TRUNCATE TABLE reference.country_timezone;
INSERT INTO reference.country_timezone (
    name, alpha2_code, alpha3_code, numeric_code, apolitical_name, default_timezone)
VALUES
    ('Andorra', 'AD', 'AND', '020', 'Andorra', 'Europe/Andorra'),
(
    'United Arab Emirates', 'AE', 'ARE', '784', 'United Arab Emirates', 'Asia/Dubai'),
    ('Afghanistan', 'AF', 'AFG', '004', 'Afghanistan', 'Asia/Kabul'),
(
    'Antigua and Barbuda', 'AG', 'ATG', '028', 'Antigua and Barbuda', 'America/Antigua'),
    ('Anguilla', 'AI', 'AIA', '660', 'Anguilla', 'America/Anguilla'),
    ('Albania', 'AL', 'ALB', '008', 'Albania', 'Europe/Tirane'),
    ('Armenia', 'AM', 'ARM', '051', 'Armenia', 'Asia/Yerevan'),
    ('Angola', 'AO', 'AGO', '024', 'Angola', 'Africa/Luanda'),
    ('Antarctica', 'AQ', 'ATA', '010', 'Antarctica', 'Antarctica/McMurdo'),
(
    'Argentina', 'AR', 'ARG', '032', 'Argentina', 'America/Argentina/Buenos_Aires'),
(
    'American Samoa', 'AS', 'ASM', '016', 'American Samoa', 'Pacific/Pago_Pago'),
    ('Austria', 'AT', 'AUT', '040', 'Austria', 'Europe/Vienna'),
    ('Australia', 'AU', 'AUS', '036', 'Australia', 'Australia/Lord_Howe'),
    ('Aruba', 'AW', 'ABW', '533', 'Aruba', 'America/Aruba'),
(
    'Åland Islands', 'AX', 'ALA', '248', 'Åland Islands', 'Europe/Mariehamn'),
    ('Azerbaijan', 'AZ', 'AZE', '031', 'Azerbaijan', 'Asia/Baku'),
(
    'Bosnia and Herzegovina', 'BA', 'BIH', '070', 'Bosnia and Herzegovina', 'Europe/Sarajevo'),
    ('Barbados', 'BB', 'BRB', '052', 'Barbados', 'America/Barbados'),
    ('Bangladesh', 'BD', 'BGD', '050', 'Bangladesh', 'Asia/Dhaka'),
    ('Belgium', 'BE', 'BEL', '056', 'Belgium', 'Europe/Brussels'),
(
    'Burkina Faso', 'BF', 'BFA', '854', 'Burkina Faso', 'Africa/Ouagadougou'),
    ('Bulgaria', 'BG', 'BGR', '100', 'Bulgaria', 'Europe/Sofia'),
    ('Bahrain', 'BH', 'BHR', '048', 'Bahrain', 'Asia/Bahrain'),
    ('Burundi', 'BI', 'BDI', '108', 'Burundi', 'Africa/Bujumbura'),
    ('Benin', 'BJ', 'BEN', '204', 'Benin', 'Africa/Porto-Novo'),
(
    'Saint Barthélemy', 'BL', 'BLM', '652', 'Saint Barthélemy', 'America/St_Barthelemy'),
    ('Bermuda', 'BM', 'BMU', '060', 'Bermuda', 'Atlantic/Bermuda'),
(
    'Brunei Darussalam', 'BN', 'BRN', '096', 'Brunei Darussalam', 'Asia/Brunei'),
(
    'Bolivia, Plurinational State of', 'BO', 'BOL', '068', 'Bolivia, Plurinational State of', 'America/La_Paz'),
(
    'Bonaire, Sint Eustatius and Saba', 'BQ', 'BES', '535', 'Bonaire, Sint Eustatius and Saba', 'America/Kralendijk'),
    ('Brazil', 'BR', 'BRA', '076', 'Brazil', 'America/Noronha'),
    ('Bahamas', 'BS', 'BHS', '044', 'Bahamas', 'America/Nassau'),
    ('Bhutan', 'BT', 'BTN', '064', 'Bhutan', 'Asia/Thimphu'),
    ('Bouvet Island', 'BV', 'BVT', '074', 'Bouvet Island', 'Europe/Oslo'),
    ('Botswana', 'BW', 'BWA', '072', 'Botswana', 'Africa/Gaborone'),
    ('Belarus', 'BY', 'BLR', '112', 'Belarus', 'Europe/Minsk'),
    ('Belize', 'BZ', 'BLZ', '084', 'Belize', 'America/Belize'),
    ('Canada', 'CA', 'CAN', '124', 'Canada', 'America/Vancouver'),
(
    'Cocos (Keeling) Islands', 'CC', 'CCK', '166', 'Cocos (Keeling) Islands', 'Indian/Cocos'),
(
    'Congo, Democratic Republic of the', 'CD', 'COD', '180', 'Congo, Democratic Republic of the', 'Africa/Kinshasa'),
(
    'Central African Republic', 'CF', 'CAF', '140', 'Central African Republic', 'Africa/Bangui'),
    ('Congo', 'CG', 'COG', '178', 'Congo', 'Africa/Brazzaville'),
    ('Switzerland', 'CH', 'CHE', '756', 'Switzerland', 'Europe/Zurich'),
(
    'Côte d''Ivoire', 'CI', 'CIV', '384', 'Côte d''Ivoire', 'Africa/Abidjan'),
(
    'Cook Islands', 'CK', 'COK', '184', 'Cook Islands', 'Pacific/Rarotonga'),
    ('Chile', 'CL', 'CHL', '152', 'Chile', 'America/Santiago'),
    ('Cameroon', 'CM', 'CMR', '120', 'Cameroon', 'Africa/Douala'),
    ('China', 'CN', 'CHN', '156', 'China', 'Asia/Shanghai'),
    ('Colombia', 'CO', 'COL', '170', 'Colombia', 'America/Bogota'),
    ('Costa Rica', 'CR', 'CRI', '188', 'Costa Rica', 'America/Costa_Rica'),
    ('Cuba', 'CU', 'CUB', '192', 'Cuba', 'America/Havana'),
    ('Cabo Verde', 'CV', 'CPV', '132', 'Cabo Verde', 'Atlantic/Cape_Verde'),
    ('Curaçao', 'CW', 'CUW', '531', 'Curaçao', 'America/Curacao'),
(
    'Christmas Island', 'CX', 'CXR', '162', 'Christmas Island', 'Indian/Christmas'),
    ('Cyprus', 'CY', 'CYP', '196', 'Cyprus', 'Asia/Nicosia'),
    ('Czechia', 'CZ', 'CZE', '203', 'Czechia', 'Europe/Prague'),
    ('Germany', 'DE', 'DEU', '276', 'Germany', 'Europe/Berlin'),
    ('Djibouti', 'DJ', 'DJI', '262', 'Djibouti', 'Africa/Djibouti'),
    ('Denmark', 'DK', 'DNK', '208', 'Denmark', 'Europe/Copenhagen'),
    ('Dominica', 'DM', 'DMA', '212', 'Dominica', 'America/Dominica'),
(
    'Dominican Republic', 'DO', 'DOM', '214', 'Dominican Republic', 'America/Santo_Domingo'),
    ('Algeria', 'DZ', 'DZA', '012', 'Algeria', 'Africa/Algiers'),
    ('Ecuador', 'EC', 'ECU', '218', 'Ecuador', 'America/Guayaquil'),
    ('Estonia', 'EE', 'EST', '233', 'Estonia', 'Europe/Tallinn'),
    ('Egypt', 'EG', 'EGY', '818', 'Egypt', 'Africa/Cairo'),
(
    'Western Sahara', 'EH', 'ESH', '732', 'Western Sahara', 'Africa/El_Aaiun'),
    ('Eritrea', 'ER', 'ERI', '232', 'Eritrea', 'Africa/Asmara'),
    ('Spain', 'ES', 'ESP', '724', 'Spain', 'Europe/Madrid'),
    ('Ethiopia', 'ET', 'ETH', '231', 'Ethiopia', 'Africa/Addis_Ababa'),
    ('Finland', 'FI', 'FIN', '246', 'Finland', 'Europe/Helsinki'),
    ('Fiji', 'FJ', 'FJI', '242', 'Fiji', 'Pacific/Fiji'),
(
    'Falkland Islands (Malvinas)', 'FK', 'FLK', '238', 'Falkland Islands (Malvinas)', 'Atlantic/Stanley'),
(
    'Micronesia, Federated States of', 'FM', 'FSM', '583', 'Micronesia, Federated States of', 'Pacific/Chuuk'),
(
    'Faroe Islands', 'FO', 'FRO', '234', 'Faroe Islands', 'Atlantic/Faroe'),
    ('France', 'FR', 'FRA', '250', 'France', 'Europe/Paris'),
    ('Gabon', 'GA', 'GAB', '266', 'Gabon', 'Africa/Libreville'),
(
    'United Kingdom of Great Britain and Northern Ireland', 'GB', 'GBR', '826',
    'United Kingdom of Great Britain and Northern Ireland', 'Europe/London'),
    ('Grenada', 'GD', 'GRD', '308', 'Grenada', 'America/Grenada'),
    ('Georgia', 'GE', 'GEO', '268', 'Georgia', 'Asia/Tbilisi'),
(
    'French Guiana', 'GF', 'GUF', '254', 'French Guiana', 'America/Cayenne'),
    ('Guernsey', 'GG', 'GGY', '831', 'Guernsey', 'Europe/Guernsey'),
    ('Ghana', 'GH', 'GHA', '288', 'Ghana', 'Africa/Accra'),
    ('Gibraltar', 'GI', 'GIB', '292', 'Gibraltar', 'Europe/Gibraltar'),
    ('Greenland', 'GL', 'GRL', '304', 'Greenland', 'America/Godthab'),
    ('Gambia', 'GM', 'GMB', '270', 'Gambia', 'Africa/Banjul'),
    ('Guinea', 'GN', 'GIN', '324', 'Guinea', 'Africa/Conakry'),
    ('Guadeloupe', 'GP', 'GLP', '312', 'Guadeloupe', 'America/Guadeloupe'),
(
    'Equatorial Guinea', 'GQ', 'GNQ', '226', 'Equatorial Guinea', 'Africa/Malabo'),
    ('Greece', 'GR', 'GRC', '300', 'Greece', 'Europe/Athens'),
(
    'South Georgia and the South Sandwich Islands', 'GS', 'SGS', '239', 'South Georgia and the South Sandwich Islands',
    'Atlantic/South_Georgia'),
    ('Guatemala', 'GT', 'GTM', '320', 'Guatemala', 'America/Guatemala'),
    ('Guam', 'GU', 'GUM', '316', 'Guam', 'Pacific/Guam'),
    ('Guinea-Bissau', 'GW', 'GNB', '624', 'Guinea-Bissau', 'Africa/Bissau'),
    ('Guyana', 'GY', 'GUY', '328', 'Guyana', 'America/Guyana'),
    ('Hong Kong', 'HK', 'HKG', '344', 'Hong Kong', 'Asia/Hong_Kong'),
(
    'Heard Island and McDonald Islands', 'HM', 'HMD', '334', 'Heard Island and McDonald Islands', 'Indian/Kerguelen'),
    ('Honduras', 'HN', 'HND', '340', 'Honduras', 'America/Tegucigalpa'),
    ('Croatia', 'HR', 'HRV', '191', 'Croatia', 'Europe/Zagreb'),
    ('Haiti', 'HT', 'HTI', '332', 'Haiti', 'America/Port-au-Prince'),
    ('Hungary', 'HU', 'HUN', '348', 'Hungary', 'Europe/Budapest'),
    ('Indonesia', 'ID', 'IDN', '360', 'Indonesia', 'Asia/Jakarta'),
    ('Ireland', 'IE', 'IRL', '372', 'Ireland', 'Europe/Dublin'),
    ('Israel', 'IL', 'ISR', '376', 'Israel', 'Asia/Jerusalem'),
(
    'Isle of Man', 'IM', 'IMN', '833', 'Isle of Man', 'Europe/Isle_of_Man'),
    ('India', 'IN', 'IND', '356', 'India', 'Asia/Kolkata'),
(
    'British Indian Ocean Territory', 'IO', 'IOT', '086', 'British Indian Ocean Territory', 'Indian/Chagos'),
    ('Iraq', 'IQ', 'IRQ', '368', 'Iraq', 'Asia/Baghdad'),
(
    'Iran, Islamic Republic of', 'IR', 'IRN', '364', 'Iran, Islamic Republic of', 'Asia/Tehran'),
    ('Iceland', 'IS', 'ISL', '352', 'Iceland', 'Atlantic/Reykjavik'),
    ('Italy', 'IT', 'ITA', '380', 'Italy', 'Europe/Rome'),
    ('Jersey', 'JE', 'JEY', '832', 'Jersey', 'Europe/Jersey'),
    ('Jamaica', 'JM', 'JAM', '388', 'Jamaica', 'America/Jamaica'),
    ('Jordan', 'JO', 'JOR', '400', 'Jordan', 'Asia/Amman'),
    ('Japan', 'JP', 'JPN', '392', 'Japan', 'Asia/Tokyo'),
    ('Kenya', 'KE', 'KEN', '404', 'Kenya', 'Africa/Nairobi'),
    ('Kyrgyzstan', 'KG', 'KGZ', '417', 'Kyrgyzstan', 'Asia/Bishkek'),
    ('Cambodia', 'KH', 'KHM', '116', 'Cambodia', 'Asia/Phnom_Penh'),
    ('Kiribati', 'KI', 'KIR', '296', 'Kiribati', 'Pacific/Tarawa'),
    ('Comoros', 'KM', 'COM', '174', 'Comoros', 'Indian/Comoro'),
(
    'Saint Kitts and Nevis', 'KN', 'KNA', '659', 'Saint Kitts and Nevis', 'America/St_Kitts'),
(
    'Korea, Democratic People''s Republic of', 'KP', 'PRK', '408', 'Korea, Democratic People''s Republic of',
    'Asia/Pyongyang'),
(
    'Korea, Republic of', 'KR', 'KOR', '410', 'Korea, Republic of', 'Asia/Seoul'),
    ('Kuwait', 'KW', 'KWT', '414', 'Kuwait', 'Asia/Kuwait'),
(
    'Cayman Islands', 'KY', 'CYM', '136', 'Cayman Islands', 'America/Cayman'),
    ('Kazakhstan', 'KZ', 'KAZ', '398', 'Kazakhstan', 'Asia/Almaty'),
(
    'Lao People''s Democratic Republic', 'LA', 'LAO', '418', 'Lao People''s Democratic Republic', 'Asia/Vientiane'),
    ('Lebanon', 'LB', 'LBN', '422', 'Lebanon', 'Asia/Beirut'),
    ('Saint Lucia', 'LC', 'LCA', '662', 'Saint Lucia', 'America/St_Lucia'),
    ('Liechtenstein', 'LI', 'LIE', '438', 'Liechtenstein', 'Europe/Vaduz'),
    ('Sri Lanka', 'LK', 'LKA', '144', 'Sri Lanka', 'Asia/Colombo'),
    ('Liberia', 'LR', 'LBR', '430', 'Liberia', 'Africa/Monrovia'),
    ('Lesotho', 'LS', 'LSO', '426', 'Lesotho', 'Africa/Maseru'),
    ('Lithuania', 'LT', 'LTU', '440', 'Lithuania', 'Europe/Vilnius'),
    ('Luxembourg', 'LU', 'LUX', '442', 'Luxembourg', 'Europe/Luxembourg'),
    ('Latvia', 'LV', 'LVA', '428', 'Latvia', 'Europe/Riga'),
    ('Libya', 'LY', 'LBY', '434', 'Libya', 'Africa/Tripoli'),
    ('Morocco', 'MA', 'MAR', '504', 'Morocco', 'Africa/Casablanca'),
    ('Monaco', 'MC', 'MCO', '492', 'Monaco', 'Europe/Monaco'),
(
    'Moldova, Republic of', 'MD', 'MDA', '498', 'Moldova, Republic of', 'Europe/Chisinau'),
    ('Montenegro', 'ME', 'MNE', '499', 'Montenegro', 'Europe/Podgorica'),
(
    'Saint Martin (French part)', 'MF', 'MAF', '663', 'Saint Martin (French part)', 'America/Marigot'),
    ('Madagascar', 'MG', 'MDG', '450', 'Madagascar', 'Indian/Antananarivo'),
(
    'Marshall Islands', 'MH', 'MHL', '584', 'Marshall Islands', 'Pacific/Majuro'),
(
    'North Macedonia', 'MK', 'MKD', '807', 'North Macedonia', 'Europe/Skopje'),
    ('Mali', 'ML', 'MLI', '466', 'Mali', 'Africa/Bamako'),
    ('Myanmar', 'MM', 'MMR', '104', 'Myanmar', 'Asia/Rangoon'),
    ('Mongolia', 'MN', 'MNG', '496', 'Mongolia', 'Asia/Ulaanbaatar'),
    ('Macao', 'MO', 'MAC', '446', 'Macao', 'Asia/Macau'),
(
    'Northern Mariana Islands', 'MP', 'MNP', '580', 'Northern Mariana Islands', 'Pacific/Saipan'),
    ('Martinique', 'MQ', 'MTQ', '474', 'Martinique', 'America/Martinique'),
    ('Mauritania', 'MR', 'MRT', '478', 'Mauritania', 'Africa/Nouakchott'),
    ('Montserrat', 'MS', 'MSR', '500', 'Montserrat', 'America/Montserrat'),
    ('Malta', 'MT', 'MLT', '470', 'Malta', 'Europe/Malta'),
    ('Mauritius', 'MU', 'MUS', '480', 'Mauritius', 'Indian/Mauritius'),
    ('Maldives', 'MV', 'MDV', '462', 'Maldives', 'Indian/Maldives'),
    ('Malawi', 'MW', 'MWI', '454', 'Malawi', 'Africa/Blantyre'),
    ('Mexico', 'MX', 'MEX', '484', 'Mexico', 'America/Mexico_City'),
    ('Malaysia', 'MY', 'MYS', '458', 'Malaysia', 'Asia/Kuala_Lumpur'),
    ('Mozambique', 'MZ', 'MOZ', '508', 'Mozambique', 'Africa/Maputo'),
    ('Namibia', 'NA', 'NAM', '516', 'Namibia', 'Africa/Windhoek'),
(
    'New Caledonia', 'NC', 'NCL', '540', 'New Caledonia', 'Pacific/Noumea'),
    ('Niger', 'NE', 'NER', '562', 'Niger', 'Africa/Niamey'),
(
    'Norfolk Island', 'NF', 'NFK', '574', 'Norfolk Island', 'Pacific/Norfolk'),
    ('Nigeria', 'NG', 'NGA', '566', 'Nigeria', 'Africa/Lagos'),
    ('Nicaragua', 'NI', 'NIC', '558', 'Nicaragua', 'America/Managua'),
    ('Netherlands', 'NL', 'NLD', '528', 'Netherlands', 'Europe/Amsterdam'),
    ('Norway', 'NO', 'NOR', '578', 'Norway', 'Europe/Oslo'),
    ('Nepal', 'NP', 'NPL', '524', 'Nepal', 'Asia/Kathmandu'),
    ('Nauru', 'NR', 'NRU', '520', 'Nauru', 'Pacific/Nauru'),
    ('Niue', 'NU', 'NIU', '570', 'Niue', 'Pacific/Niue'),
    ('New Zealand', 'NZ', 'NZL', '554', 'New Zealand', 'Pacific/Auckland'),
    ('Oman', 'OM', 'OMN', '512', 'Oman', 'Asia/Muscat'),
    ('Panama', 'PA', 'PAN', '591', 'Panama', 'America/Panama'),
    ('Peru', 'PE', 'PER', '604', 'Peru', 'America/Lima'),
(
    'French Polynesia', 'PF', 'PYF', '258', 'French Polynesia', 'Pacific/Tahiti'),
(
    'Papua New Guinea', 'PG', 'PNG', '598', 'Papua New Guinea', 'Pacific/Port_Moresby'),
    ('Philippines', 'PH', 'PHL', '608', 'Philippines', 'Asia/Manila'),
    ('Pakistan', 'PK', 'PAK', '586', 'Pakistan', 'Asia/Karachi'),
    ('Poland', 'PL', 'POL', '616', 'Poland', 'Europe/Warsaw'),
(
    'Saint Pierre and Miquelon', 'PM', 'SPM', '666', 'Saint Pierre and Miquelon', 'America/Miquelon'),
    ('Pitcairn', 'PN', 'PCN', '612', 'Pitcairn', 'Pacific/Pitcairn'),
(
    'Puerto Rico', 'PR', 'PRI', '630', 'Puerto Rico', 'America/Puerto_Rico'),
    ('Palestine, State of', 'PS', 'PSE', '275', 'Palestine', 'Asia/Gaza'),
    ('Portugal', 'PT', 'PRT', '620', 'Portugal', 'Europe/Lisbon'),
    ('Palau', 'PW', 'PLW', '585', 'Palau', 'Pacific/Palau'),
    ('Paraguay', 'PY', 'PRY', '600', 'Paraguay', 'America/Asuncion'),
    ('Qatar', 'QA', 'QAT', '634', 'Qatar', 'Asia/Qatar'),
    ('Réunion', 'RE', 'REU', '638', 'Réunion', 'Indian/Reunion'),
    ('Romania', 'RO', 'ROU', '642', 'Romania', 'Europe/Bucharest'),
    ('Serbia', 'RS', 'SRB', '688', 'Serbia', 'Europe/Belgrade'),
(
    'Russian Federation', 'RU', 'RUS', '643', 'Russian Federation', 'Europe/Moscow'),
    ('Rwanda', 'RW', 'RWA', '646', 'Rwanda', 'Africa/Kigali'),
    ('Saudi Arabia', 'SA', 'SAU', '682', 'Saudi Arabia', 'Asia/Riyadh'),
(
    'Solomon Islands', 'SB', 'SLB', '090', 'Solomon Islands', 'Pacific/Guadalcanal'),
    ('Seychelles', 'SC', 'SYC', '690', 'Seychelles', 'Indian/Mahe'),
    ('Sudan', 'SD', 'SDN', '729', 'Sudan', 'Africa/Khartoum'),
    ('Sweden', 'SE', 'SWE', '752', 'Sweden', 'Europe/Stockholm'),
    ('Singapore', 'SG', 'SGP', '702', 'Singapore', 'Asia/Singapore'),
(
    'Saint Helena, Ascension and Tristan da Cunha', 'SH', 'SHN', '654', 'Saint Helena, Ascension and Tristan da Cunha',
    'Atlantic/St_Helena'),
    ('Slovenia', 'SI', 'SVN', '705', 'Slovenia', 'Europe/Ljubljana'),
(
    'Svalbard and Jan Mayen', 'SJ', 'SJM', '744', 'Svalbard and Jan Mayen', 'Arctic/Longyearbyen'),
    ('Slovakia', 'SK', 'SVK', '703', 'Slovakia', 'Europe/Bratislava'),
    ('Sierra Leone', 'SL', 'SLE', '694', 'Sierra Leone', 'Africa/Freetown'),
    ('San Marino', 'SM', 'SMR', '674', 'San Marino', 'Europe/San_Marino'),
    ('Senegal', 'SN', 'SEN', '686', 'Senegal', 'Africa/Dakar'),
    ('Somalia', 'SO', 'SOM', '706', 'Somalia', 'Africa/Mogadishu'),
    ('Suriname', 'SR', 'SUR', '740', 'Suriname', 'America/Paramaribo'),
    ('South Sudan', 'SS', 'SSD', '728', 'South Sudan', 'Africa/Juba'),
(
    'Sao Tome and Principe', 'ST', 'STP', '678', 'Sao Tome and Principe', 'Africa/Sao_Tome'),
(
    'El Salvador', 'SV', 'SLV', '222', 'El Salvador', 'America/El_Salvador'),
(
    'Sint Maarten (Dutch part)', 'SX', 'SXM', '534', 'Sint Maarten (Dutch part)', 'America/Lower_Princes'),
(
    'Syrian Arab Republic', 'SY', 'SYR', '760', 'Syrian Arab Republic', 'Asia/Damascus'),
    ('Eswatini', 'SZ', 'SWZ', '748', 'Eswatini', 'Africa/Mbabane'),
(
    'Turks and Caicos Islands', 'TC', 'TCA', '796', 'Turks and Caicos Islands', 'America/Grand_Turk'),
    ('Chad', 'TD', 'TCD', '148', 'Chad', 'Africa/Ndjamena'),
(
    'French Southern Territories', 'TF', 'ATF', '260', 'French Southern Territories', 'Indian/Kerguelen'),
    ('Togo', 'TG', 'TGO', '768', 'Togo', 'Africa/Lome'),
    ('Thailand', 'TH', 'THA', '764', 'Thailand', 'Asia/Bangkok'),
    ('Tajikistan', 'TJ', 'TJK', '762', 'Tajikistan', 'Asia/Dushanbe'),
    ('Tokelau', 'TK', 'TKL', '772', 'Tokelau', 'Pacific/Fakaofo'),
    ('Timor-Leste', 'TL', 'TLS', '626', 'Timor-Leste', 'Asia/Dili'),
    ('Turkmenistan', 'TM', 'TKM', '795', 'Turkmenistan', 'Asia/Ashgabat'),
    ('Tunisia', 'TN', 'TUN', '788', 'Tunisia', 'Africa/Tunis'),
    ('Tonga', 'TO', 'TON', '776', 'Tonga', 'Pacific/Tongatapu'),
    ('Turkey', 'TR', 'TUR', '792', 'Turkey', 'Europe/Istanbul'),
(
    'Trinidad and Tobago', 'TT', 'TTO', '780', 'Trinidad and Tobago', 'America/Port_of_Spain'),
    ('Tuvalu', 'TV', 'TUV', '798', 'Tuvalu', 'Pacific/Funafuti'),
(
    'Taiwan, Province of China', 'TW', 'TWN', '158', 'Taiwan', 'Asia/Taipei'),
(
    'Tanzania, United Republic of', 'TZ', 'TZA', '834', 'Tanzania, United Republic of', 'Africa/Dar_es_Salaam'),
    ('Ukraine', 'UA', 'UKR', '804', 'Ukraine', 'Europe/Simferopol'),
    ('Uganda', 'UG', 'UGA', '800', 'Uganda', 'Africa/Kampala'),
(
    'United States Minor Outlying Islands', 'UM', 'UMI', '581', 'United States Minor Outlying Islands',
    'Pacific/Midway'),
(
    'United States of America', 'US', 'USA', '840', 'United States of America', 'America/Los_Angeles'),
    ('Uruguay', 'UY', 'URY', '858', 'Uruguay', 'America/Montevideo'),
    ('Uzbekistan', 'UZ', 'UZB', '860', 'Uzbekistan', 'Asia/Samarkand'),
    ('Holy See', 'VA', 'VAT', '336', 'Holy See', 'Europe/Vatican'),
(
    'Saint Vincent and the Grenadines', 'VC', 'VCT', '670', 'Saint Vincent and the Grenadines', 'America/St_Vincent'),
(
    'Venezuela, Bolivarian Republic of', 'VE', 'VEN', '862', 'Venezuela, Bolivarian Republic of', 'America/Caracas'),
(
    'Virgin Islands, British', 'VG', 'VGB', '092', 'Virgin Islands, British', 'America/Tortola'),
(
    'Virgin Islands, U.S.', 'VI', 'VIR', '850', 'Virgin Islands, U.S.', 'America/St_Thomas'),
    ('Viet Nam', 'VN', 'VNM', '704', 'Viet Nam', 'Asia/Ho_Chi_Minh'),
    ('Vanuatu', 'VU', 'VUT', '548', 'Vanuatu', 'Pacific/Efate'),
(
    'Wallis and Futuna', 'WF', 'WLF', '876', 'Wallis and Futuna', 'Pacific/Wallis'),
    ('Samoa', 'WS', 'WSM', '882', 'Samoa', 'Pacific/Apia'),
    ('Yemen', 'YE', 'YEM', '887', 'Yemen', 'Asia/Aden'),
    ('Mayotte', 'YT', 'MYT', '175', 'Mayotte', 'Indian/Mayotte'),
(
    'South Africa', 'ZA', 'ZAF', '710', 'South Africa', 'Africa/Johannesburg'),
    ('Zambia', 'ZM', 'ZMB', '894', 'Zambia', 'Africa/Lusaka'),
    ('Zimbabwe', 'ZW', 'ZWE', '716', 'Zimbabwe', 'Africa/Harare');
