----------------------------------------------------------------------------------
--- data picked from the website https://www.timeanddate.com/holidays/?allcountries
--- picked only Official holidays on country level
----------------------------------------------------------------------------------

TRUNCATE TABLE reference.holiday_calendar;

INSERT INTO reference.holiday_calendar
VALUES
('2021-01-01', 'Friday', 'EU', 'Austria', 'New Year''s Day'),
('2021-01-06', 'Wednesday', 'EU', 'Austria', 'Epiphany'),
('2021-04-05', 'Monday', 'EU', 'Austria', 'Easter Monday'),
('2021-05-01', 'Saturday', 'EU', 'Austria', 'Labor Day / May Day'),
('2021-05-13', 'Thursday', 'EU', 'Austria', 'Ascension Day'),
('2021-05-24', 'Monday', 'EU', 'Austria', 'Whit Monday'),
('2021-06-03', 'Thursday', 'EU', 'Austria', 'Corpus Christi'),
('2021-08-15', 'Sunday', 'EU', 'Austria', 'Assumption of Mary'),
('2021-10-26', 'Tuesday', 'EU', 'Austria', 'National Day'),
('2021-11-01', 'Monday', 'EU', 'Austria', 'All Saints'' Day'),
('2021-12-08', 'Wednesday', 'EU', 'Austria', 'Immaculate Conception'),
('2021-12-25', 'Saturday', 'EU', 'Austria', 'Christmas Day'),
('2021-12-26', 'Sunday', 'EU', 'Austria', 'St. Stephen''s Day'),
('2021-01-01', 'Friday', 'EU', 'Belgium', 'New Year''s Day'),
('2021-04-04', 'Sunday', 'EU', 'Belgium', 'Easter Sunday'),
('2021-04-05', 'Monday', 'EU', 'Belgium', 'Easter Monday'),
('2021-05-01', 'Saturday', 'EU', 'Belgium', 'Labor Day / May Day'),
('2021-05-13', 'Thursday', 'EU', 'Belgium', 'Ascension Day'),
('2021-05-23', 'Sunday', 'EU', 'Belgium', 'Whit Sunday'),
('2021-05-24', 'Monday', 'EU', 'Belgium', 'Whit Monday'),
('2021-07-21', 'Wednesday', 'EU', 'Belgium', 'Belgian National Day'),
('2021-08-15', 'Sunday', 'EU', 'Belgium', 'Assumption of Mary'),
('2021-11-01', 'Monday', 'EU', 'Belgium', 'All Saints'' Day'),
('2021-11-11', 'Thursday', 'EU', 'Belgium', 'Armistice Day'),
('2021-12-25', 'Saturday', 'EU', 'Belgium', 'Christmas Day'),
('2021-01-01', 'Friday', 'EU', 'Denmark', 'New Year''s Day'),
('2021-04-01', 'Thursday', 'EU', 'Denmark', 'Maundy Thursday'),
('2021-04-02', 'Friday', 'EU', 'Denmark', 'Good Friday'),
('2021-04-04', 'Sunday', 'EU', 'Denmark', 'Easter Sunday'),
('2021-04-05', 'Monday', 'EU', 'Denmark', 'Easter Monday'),
('2021-04-30', 'Friday', 'EU', 'Denmark', 'Great Prayer Day'),
('2021-05-01', 'Saturday', 'EU', 'Denmark', 'Labor Day / May Day'),
('2021-05-13', 'Thursday', 'EU', 'Denmark', 'Ascension Day'),
('2021-05-23', 'Sunday', 'EU', 'Denmark', 'Whit Sunday'),
('2021-05-24', 'Monday', 'EU', 'Denmark', 'Whit Monday'),
('2021-06-05', 'Saturday', 'EU', 'Denmark', 'Constitution Day'),
('2021-12-25', 'Saturday', 'EU', 'Denmark', 'Christmas Day'),
('2021-12-26', 'Sunday', 'EU', 'Denmark', '2nd Christmas Day'),
('2021-01-01', 'Friday', 'EU', 'France', 'New Year''s Day'),
('2021-04-05', 'Monday', 'EU', 'France', 'Easter Monday'),
('2021-05-01', 'Saturday', 'EU', 'France', 'Labor Day / May Day'),
('2021-05-08', 'Saturday', 'EU', 'France', 'WWII Victory Day'),
('2021-05-13', 'Thursday', 'EU', 'France', 'Ascension Day'),
('2021-05-24', 'Monday', 'EU', 'France', 'Whit Monday'),
('2021-07-14', 'Wednesday', 'EU', 'France', 'Bastille Day'),
('2021-08-15', 'Sunday', 'EU', 'France', 'Assumption of Mary'),
('2021-11-01', 'Monday', 'EU', 'France', 'All Saints'' Day'),
('2021-11-11', 'Thursday', 'EU', 'France', 'Armistice Day'),
('2021-12-25', 'Saturday', 'EU', 'France', 'Christmas Day'),
('2021-01-01', 'Friday', 'EU', 'Germany', 'New Year''s Day'),
('2021-04-02', 'Friday', 'EU', 'Germany', 'Good Friday'),
('2021-04-05', 'Monday', 'EU', 'Germany', 'Easter Monday'),
('2021-05-01', 'Saturday', 'EU', 'Germany', 'May Day'),
('2021-05-13', 'Thursday', 'EU', 'Germany', 'Ascension Day'),
('2021-05-24', 'Monday', 'EU', 'Germany', 'Whit Monday'),
('2021-10-03', 'Sunday', 'EU', 'Germany', 'Day of German Unity'),
('2021-12-25', 'Saturday', 'EU', 'Germany', 'Christmas Day'),
('2021-12-26', 'Sunday', 'EU', 'Germany', 'Boxing Day'),
('2021-01-01', 'Friday', 'EU', 'Italy', 'New Year''s Day'),
('2021-01-06', 'Wednesday', 'EU', 'Italy', 'Epiphany'),
('2021-04-05', 'Monday', 'EU', 'Italy', 'Easter Monday'),
('2021-04-25', 'Sunday', 'EU', 'Italy', 'Liberation Day'),
('2021-05-01', 'Saturday', 'EU', 'Italy', 'Labor Day / May Day'),
('2021-06-02', 'Wednesday', 'EU', 'Italy', 'Republic Day'),
('2021-08-15', 'Sunday', 'EU', 'Italy', 'Assumption of Mary'),
('2021-11-01', 'Monday', 'EU', 'Italy', 'All Saints'' Day'),
('2021-12-08', 'Wednesday', 'EU', 'Italy', 'Feast of the Immaculate Conception'),
('2021-12-25', 'Saturday', 'EU', 'Italy', 'Christmas Day'),
('2021-12-26', 'Sunday', 'EU', 'Italy', 'St. Stephen''s Day'),
('2021-01-01', 'Friday', 'EU', 'Netherlands', 'New Year''s Day'),
('2021-04-02', 'Friday', 'EU', 'Netherlands', 'Good Friday'),
('2021-04-04', 'Sunday', 'EU', 'Netherlands', 'Easter Sunday'),
('2021-04-05', 'Monday', 'EU', 'Netherlands', 'Easter Monday'),
('2021-04-27', 'Tuesday', 'EU', 'Netherlands', 'King''s Birthday'),
('2021-05-05', 'Wednesday', 'EU', 'Netherlands', 'Liberation Day'),
('2021-05-13', 'Thursday', 'EU', 'Netherlands', 'Ascension Day'),
('2021-05-23', 'Sunday', 'EU', 'Netherlands', 'Whit Sunday'),
('2021-05-24', 'Monday', 'EU', 'Netherlands', 'Whit Monday'),
('2021-12-25', 'Saturday', 'EU', 'Netherlands', 'Christmas Day'),
('2021-12-26', 'Sunday', 'EU', 'Netherlands', 'Second Day of Christmas'),
('2021-01-01', 'Friday', 'EU', 'Spain', 'New Year''s Day'),
('2021-01-06', 'Wednesday', 'EU', 'Spain', 'Epiphany'),
('2021-04-02', 'Friday', 'EU', 'Spain', 'Good Friday'),
('2021-05-01', 'Saturday', 'EU', 'Spain', 'Labor Day / May Day'),
('2021-08-15', 'Sunday', 'EU', 'Spain', 'Assumption of Mary'),
('2021-08-16', 'Monday', 'EU', 'Spain', 'Assumption observed'),
('2021-10-12', 'Tuesday', 'EU', 'Spain', 'Hispanic Day'),
('2021-12-06', 'Monday', 'EU', 'Spain', 'Constitution Day Holiday'),
('2021-12-08', 'Wednesday', 'EU', 'Spain', 'Immaculate Conception'),
('2021-12-25', 'Saturday', 'EU', 'Spain', 'Christmas Day'),
('2021-01-01', 'Friday', 'EU', 'Sweden', 'New Year''s Day'),
('2021-01-06', 'Wednesday', 'EU', 'Sweden', 'Epiphany'),
('2021-04-02', 'Friday', 'EU', 'Sweden', 'Good Friday'),
('2021-04-04', 'Sunday', 'EU', 'Sweden', 'Easter Sunday'),
('2021-04-05', 'Monday', 'EU', 'Sweden', 'Easter Monday'),
('2021-05-01', 'Saturday', 'EU', 'Sweden', 'May 1st'),
('2021-05-13', 'Thursday', 'EU', 'Sweden', 'Ascension Day'),
('2021-05-23', 'Sunday', 'EU', 'Sweden', 'Whit Sunday'),
('2021-06-06', 'Sunday', 'EU', 'Sweden', 'National day'),
('2021-06-26', 'Saturday', 'EU', 'Sweden', 'Midsummer Day'),
('2021-11-06', 'Saturday', 'EU', 'Sweden', 'All Saints'' Day'),
('2021-12-25', 'Saturday', 'EU', 'Sweden', 'Christmas Day'),
('2021-12-26', 'Sunday', 'EU', 'Sweden', 'Boxing Day'),
('2021-01-01', 'Friday', 'EU', 'UK', 'New Year''s Day'),
('2021-04-02', 'Friday', 'EU', 'UK', 'Good Friday'),
('2021-05-03', 'Monday', 'EU', 'UK', 'Early May Bank Holiday'),
('2021-05-31', 'Monday', 'EU', 'UK', 'Spring Bank Holiday'),
('2021-12-25', 'Saturday', 'EU', 'UK', 'Christmas Day'),
('2021-12-26', 'Sunday', 'EU', 'UK', 'Boxing Day'),
('2021-12-27', 'Monday', 'EU', 'UK', 'Substitute Bank Holiday for Christmas Day'),
('2021-12-28', 'Tuesday', 'EU', 'UK', 'Substitute Bank Holiday for Boxing Day'),
('2021-01-01', 'Friday', 'NA', 'US', 'New Year''s Day'),
('2021-01-18', 'Monday', 'NA', 'US', 'Martin Luther King Jr. Day'),
('2021-02-15', 'Monday', 'NA', 'US', 'Presidents'' Day'),
('2021-05-31', 'Monday', 'NA', 'US', 'Memorial Day'),
('2021-07-04', 'Sunday', 'NA', 'US', 'Independence Day'),
('2021-07-05', 'Monday', 'NA', 'US', 'Independence Day observed'),
('2021-09-06', 'Monday', 'NA', 'US', 'Labor Day'),
('2021-10-11', 'Monday', 'NA', 'US', 'Columbus Day'),
('2021-11-11', 'Thursday', 'NA', 'US', 'Veterans Day'),
('2021-11-25', 'Thursday', 'NA', 'US', 'Thanksgiving Day'),
('2021-11-26', 'Friday', 'NA', 'US', 'Black Friday'),
('2021-11-29', 'Monday', 'NA', 'US', 'Cyber Monday'),
('2021-12-24', 'Friday', 'NA', 'US', 'Day off for Christmas Day'),
('2021-12-25', 'Saturday', 'NA', 'US', 'Christmas Day'),
('2021-12-31', 'Friday', 'NA', 'US', 'Day off for New Year''s Day'),
('2021-01-01', 'Friday', 'NA', 'Canada', 'New Year''s Day'),
('2021-04-02', 'Friday', 'NA', 'Canada', 'Good Friday'),
('2021-04-05', 'Monday', 'NA', 'Canada', 'Easter Monday'),
('2021-05-24', 'Monday', 'NA', 'Canada', 'Victoria Day'),
('2021-07-01', 'Thursday', 'NA', 'Canada', 'Canada Day'),
('2021-09-06', 'Monday', 'NA', 'Canada', 'Labour Day'),
('2021-10-11', 'Monday', 'NA', 'Canada', 'Thanksgiving Day'),
('2021-11-11', 'Thursday', 'NA', 'Canada', 'Remembrance Day'),
('2021-12-25', 'Saturday', 'NA', 'Canada', 'Christmas Day'),
('2021-12-26', 'Sunday', 'NA', 'Canada', 'Boxing Day'),
('2022-01-01', 'Saturday', 'EU', 'Austria', 'New Year''s Day'),
('2022-01-06', 'Thursday', 'EU', 'Austria', 'Epiphany'),
('2022-04-18', 'Monday', 'EU', 'Austria', 'Easter Monday'),
('2022-05-01', 'Sunday', 'EU', 'Austria', 'Labor Day / May Day'),
('2022-05-26', 'Thursday', 'EU', 'Austria', 'Ascension Day'),
('2022-06-06', 'Monday', 'EU', 'Austria', 'Whit Monday'),
('2022-06-16', 'Thursday', 'EU', 'Austria', 'Corpus Christi'),
('2022-08-15', 'Monday', 'EU', 'Austria', 'Assumption of Mary'),
('2022-10-26', 'Wednesday', 'EU', 'Austria', 'National Day'),
('2022-11-01', 'Tuesday', 'EU', 'Austria', 'All Saints'' Day'),
('2022-12-08', 'Thursday', 'EU', 'Austria', 'Immaculate Conception'),
('2022-12-25', 'Sunday', 'EU', 'Austria', 'Christmas Day'),
('2022-12-26', 'Monday', 'EU', 'Austria', 'St. Stephen''s Day'),
('2022-01-01', 'Saturday', 'EU', 'Belgium', 'New Year''s Day'),
('2022-04-17', 'Sunday', 'EU', 'Belgium', 'Easter Sunday'),
('2022-04-18', 'Monday', 'EU', 'Belgium', 'Easter Monday'),
('2022-05-01', 'Sunday', 'EU', 'Belgium', 'Labor Day / May Day'),
('2022-05-26', 'Thursday', 'EU', 'Belgium', 'Ascension Day'),
('2022-06-05', 'Sunday', 'EU', 'Belgium', 'Whit Sunday'),
('2022-06-06', 'Monday', 'EU', 'Belgium', 'Whit Monday'),
('2022-07-21', 'Thursday', 'EU', 'Belgium', 'Belgian National Day'),
('2022-08-15', 'Monday', 'EU', 'Belgium', 'Assumption of Mary'),
('2022-11-01', 'Tuesday', 'EU', 'Belgium', 'All Saints'' Day'),
('2022-11-11', 'Friday', 'EU', 'Belgium', 'Armistice Day'),
('2022-12-25', 'Sunday', 'EU', 'Belgium', 'Christmas Day'),
('2022-01-01', 'Saturday', 'NA', 'Canada', 'New Year''s Day'),
('2022-01-03', 'Monday', 'NA', 'Canada', 'New Year''s Day observed'),
('2022-04-15', 'Friday', 'NA', 'Canada', 'Good Friday'),
('2022-04-18', 'Monday', 'NA', 'Canada', 'Easter Monday'),
('2022-05-23', 'Monday', 'NA', 'Canada', 'Victoria Day'),
('2022-07-01', 'Friday', 'NA', 'Canada', 'Canada Day'),
('2022-09-05', 'Monday', 'NA', 'Canada', 'Labour Day'),
('2022-10-10', 'Monday', 'NA', 'Canada', 'Thanksgiving Day'),
('2022-11-11', 'Friday', 'NA', 'Canada', 'Remembrance Day'),
('2022-12-25', 'Sunday', 'NA', 'Canada', 'Christmas Day'),
('2022-12-26', 'Monday', 'NA', 'Canada', 'Boxing Day'),
('2022-01-01', 'Saturday', 'EU', 'Denmark', 'New Year''s Day'),
('2022-04-14', 'Thursday', 'EU', 'Denmark', 'Maundy Thursday'),
('2022-04-15', 'Friday', 'EU', 'Denmark', 'Good Friday'),
('2022-04-17', 'Sunday', 'EU', 'Denmark', 'Easter Sunday'),
('2022-04-18', 'Monday', 'EU', 'Denmark', 'Easter Monday'),
('2022-05-01', 'Sunday', 'EU', 'Denmark', 'Labor Day / May Day'),
('2022-05-13', 'Friday', 'EU', 'Denmark', 'Great Prayer Day'),
('2022-05-26', 'Thursday', 'EU', 'Denmark', 'Ascension Day'),
('2022-06-05', 'Sunday', 'EU', 'Denmark', 'Whit Sunday'),
('2022-06-05', 'Sunday', 'EU', 'Denmark', 'Constitution Day'),
('2022-06-06', 'Monday', 'EU', 'Denmark', 'Whit Monday'),
('2022-12-25', 'Sunday', 'EU', 'Denmark', 'Christmas Day'),
('2022-12-26', 'Monday', 'EU', 'Denmark', '2nd Christmas Day'),
('2022-01-01', 'Saturday', 'EU', 'France', 'New Year''s Day'),
('2022-04-18', 'Monday', 'EU', 'France', 'Easter Monday'),
('2022-05-01', 'Sunday', 'EU', 'France', 'Labor Day / May Day'),
('2022-05-08', 'Sunday', 'EU', 'France', 'WWII Victory Day'),
('2022-05-26', 'Thursday', 'EU', 'France', 'Ascension Day'),
('2022-06-06', 'Monday', 'EU', 'France', 'Whit Monday'),
('2022-07-14', 'Thursday', 'EU', 'France', 'Bastille Day'),
('2022-08-15', 'Monday', 'EU', 'France', 'Assumption of Mary'),
('2022-11-01', 'Tuesday', 'EU', 'France', 'All Saints'' Day'),
('2022-11-11', 'Friday', 'EU', 'France', 'Armistice Day'),
('2022-12-25', 'Sunday', 'EU', 'France', 'Christmas Day'),
('2022-01-01', 'Saturday', 'EU', 'Germany', 'New Year''s Day'),
('2022-04-15', 'Friday', 'EU', 'Germany', 'Good Friday'),
('2022-04-18', 'Monday', 'EU', 'Germany', 'Easter Monday'),
('2022-05-01', 'Sunday', 'EU', 'Germany', 'May Day'),
('2022-05-26', 'Thursday', 'EU', 'Germany', 'Ascension Day'),
('2022-06-06', 'Monday', 'EU', 'Germany', 'Whit Monday'),
('2022-10-03', 'Monday', 'EU', 'Germany', 'Day of German Unity'),
('2022-12-25', 'Sunday', 'EU', 'Germany', 'Christmas Day'),
('2022-12-26', 'Monday', 'EU', 'Germany', 'Boxing Day'),
('2022-01-01', 'Saturday', 'EU', 'Italy', 'New Year''s Day'),
('2022-01-06', 'Thursday', 'EU', 'Italy', 'Epiphany'),
('2022-04-18', 'Monday', 'EU', 'Italy', 'Easter Monday'),
('2022-04-25', 'Monday', 'EU', 'Italy', 'Liberation Day'),
('2022-05-01', 'Sunday', 'EU', 'Italy', 'Labor Day / May Day'),
('2022-06-02', 'Thursday', 'EU', 'Italy', 'Republic Day'),
('2022-08-15', 'Monday', 'EU', 'Italy', 'Assumption of Mary'),
('2022-11-01', 'Tuesday', 'EU', 'Italy', 'All Saints'' Day'),
('2022-12-08', 'Thursday', 'EU', 'Italy', 'Feast of the Immaculate Conception'),
('2022-12-25', 'Sunday', 'EU', 'Italy', 'Christmas Day'),
('2022-12-26', 'Monday', 'EU', 'Italy', 'St. Stephen''s Day'),
('2022-01-01', 'Saturday', 'EU', 'Netherlands', 'New Year''s Day'),
('2022-04-15', 'Friday', 'EU', 'Netherlands', 'Good Friday'),
('2022-04-17', 'Sunday', 'EU', 'Netherlands', 'Easter Sunday'),
('2022-04-18', 'Monday', 'EU', 'Netherlands', 'Easter Monday'),
('2022-04-27', 'Wednesday', 'EU', 'Netherlands', 'King''s Birthday'),
('2022-05-05', 'Thursday', 'EU', 'Netherlands', 'Liberation Day'),
('2022-05-26', 'Thursday', 'EU', 'Netherlands', 'Ascension Day'),
('2022-06-05', 'Sunday', 'EU', 'Netherlands', 'Whit Sunday'),
('2022-06-06', 'Monday', 'EU', 'Netherlands', 'Whit Monday'),
('2022-12-25', 'Sunday', 'EU', 'Netherlands', 'Christmas Day'),
('2022-12-26', 'Monday', 'EU', 'Netherlands', 'Second Day of Christmas'),
('2022-01-01', 'Saturday', 'EU', 'Spain', 'New Year''s Day'),
('2022-01-06', 'Thursday', 'EU', 'Spain', 'Epiphany'),
('2022-04-15', 'Friday', 'EU', 'Spain', 'Good Friday'),
('2022-05-01', 'Sunday', 'EU', 'Spain', 'Labor Day / May Day'),
('2022-05-02', 'Monday', 'EU', 'Spain', 'Labor Day observed'),
('2022-08-15', 'Monday', 'EU', 'Spain', 'Assumption of Mary'),
('2022-10-12', 'Wednesday', 'EU', 'Spain', 'Hispanic Day'),
('2022-12-08', 'Thursday', 'EU', 'Spain', 'Immaculate Conception'),
('2022-12-25', 'Sunday', 'EU', 'Spain', 'Christmas Day'),
('2022-01-01', 'Saturday', 'EU', 'Sweden', 'New Year''s Day'),
('2022-01-06', 'Thursday', 'EU', 'Sweden', 'Epiphany'),
('2022-04-15', 'Friday', 'EU', 'Sweden', 'Good Friday'),
('2022-04-17', 'Sunday', 'EU', 'Sweden', 'Easter Sunday'),
('2022-04-18', 'Monday', 'EU', 'Sweden', 'Easter Monday'),
('2022-05-01', 'Sunday', 'EU', 'Sweden', 'May 1st'),
('2022-05-26', 'Thursday', 'EU', 'Sweden', 'Ascension Day'),
('2022-06-05', 'Sunday', 'EU', 'Sweden', 'Whit Sunday'),
('2022-06-06', 'Monday', 'EU', 'Sweden', 'National day'),
('2022-06-25', 'Saturday', 'EU', 'Sweden', 'Midsummer Day'),
('2022-11-05', 'Saturday', 'EU', 'Sweden', 'All Saints'' Day'),
('2022-12-25', 'Sunday', 'EU', 'Sweden', 'Christmas Day'),
('2022-12-26', 'Monday', 'EU', 'Sweden', 'Boxing Day'),
('2022-01-01', 'Saturday', 'EU', 'UK', 'New Year''s Day'),
('2022-01-03', 'Monday', 'EU', 'UK', 'New Year''s Day observed'),
('2022-04-15', 'Friday', 'EU', 'UK', 'Good Friday'),
('2022-05-02', 'Monday', 'EU', 'UK', 'Early May Bank Holiday'),
('2022-06-02', 'Thursday', 'EU', 'UK', 'Queen''s Platinum Jubilee'),
('2022-06-03', 'Friday', 'EU', 'UK', 'Queen''s Platinum Jubilee'),
('2022-12-25', 'Sunday', 'EU', 'UK', 'Christmas Day'),
('2022-12-26', 'Monday', 'EU', 'UK', 'Boxing Day'),
('2022-12-27', 'Tuesday', 'EU', 'UK', 'Substitute Bank Holiday for Christmas Day'),
('2022-01-01', 'Saturday', 'NA', 'US', 'New Year''s Day'),
('2022-01-17', 'Monday', 'NA', 'US', 'Martin Luther King Jr. Day'),
('2022-02-21', 'Monday', 'NA', 'US', 'Presidents'' Day'),
('2022-05-30', 'Monday', 'NA', 'US', 'Memorial Day'),
('2022-07-04', 'Monday', 'NA', 'US', 'Independence Day'),
('2022-09-05', 'Monday', 'NA', 'US', 'Labor Day'),
('2022-10-10', 'Monday', 'NA', 'US', 'Columbus Day'),
('2022-11-11', 'Friday', 'NA', 'US', 'Veterans Day'),
('2022-11-24', 'Thursday', 'NA', 'US', 'Thanksgiving Day'),
('2022-11-25', 'Friday', 'NA', 'US', 'Black Friday'),
('2022-11-28', 'Monday', 'NA', 'US', 'Cyber Monday'),
('2022-12-25', 'Sunday', 'NA', 'US', 'Christmas Day'),
('2022-12-26', 'Monday', 'NA', 'US', 'Day off for Christmas Day'),
('2023-01-01', 'Sunday', 'EU', 'Austria', 'New Year''s Day'),
('2023-01-06', 'Friday', 'EU', 'Austria', 'Epiphany'),
('2023-04-10', 'Monday', 'EU', 'Austria', 'Easter Monday'),
('2023-05-01', 'Monday', 'EU', 'Austria', 'Labor Day / May Day'),
('2023-05-18', 'Thursday', 'EU', 'Austria', 'Ascension Day'),
('2023-05-29', 'Monday', 'EU', 'Austria', 'Whit Monday'),
('2023-06-08', 'Thursday', 'EU', 'Austria', 'Corpus Christi'),
('2023-08-15', 'Tuesday', 'EU', 'Austria', 'Assumption of Mary'),
('2023-10-26', 'Thursday', 'EU', 'Austria', 'National Day'),
('2023-11-01', 'Wednesday', 'EU', 'Austria', 'All Saints'' Day'),
('2023-12-08', 'Friday', 'EU', 'Austria', 'Immaculate Conception'),
('2023-12-25', 'Monday', 'EU', 'Austria', 'Christmas Day'),
('2023-12-26', 'Tuesday', 'EU', 'Austria', 'St. Stephen''s Day'),
('2023-01-01', 'Sunday', 'EU', 'Belgium', 'New Year''s Day'),
('2023-04-09', 'Sunday', 'EU', 'Belgium', 'Easter Sunday'),
('2023-04-10', 'Monday', 'EU', 'Belgium', 'Easter Monday'),
('2023-05-01', 'Monday', 'EU', 'Belgium', 'Labor Day / May Day'),
('2023-05-18', 'Thursday', 'EU', 'Belgium', 'Ascension Day'),
('2023-05-28', 'Sunday', 'EU', 'Belgium', 'Whit Sunday'),
('2023-05-29', 'Monday', 'EU', 'Belgium', 'Whit Monday'),
('2023-07-21', 'Friday', 'EU', 'Belgium', 'Belgian National Day'),
('2023-08-15', 'Tuesday', 'EU', 'Belgium', 'Assumption of Mary'),
('2023-11-01', 'Wednesday', 'EU', 'Belgium', 'All Saints'' Day'),
('2023-11-11', 'Saturday', 'EU', 'Belgium', 'Armistice Day'),
('2023-12-25', 'Monday', 'EU', 'Belgium', 'Christmas Day'),
('2023-01-01', 'Sunday', 'EU', 'Denmark', 'New Year''s Day'),
('2023-04-06', 'Thursday', 'EU', 'Denmark', 'Maundy Thursday'),
('2023-04-07', 'Friday', 'EU', 'Denmark', 'Good Friday'),
('2023-04-09', 'Sunday', 'EU', 'Denmark', 'Easter Sunday'),
('2023-04-10', 'Monday', 'EU', 'Denmark', 'Easter Monday'),
('2023-05-01', 'Monday', 'EU', 'Denmark', 'Labor Day / May Day'),
('2023-05-05', 'Friday', 'EU', 'Denmark', 'Great Prayer Day'),
('2023-05-18', 'Thursday', 'EU', 'Denmark', 'Ascension Day'),
('2023-05-28', 'Sunday', 'EU', 'Denmark', 'Whit Sunday'),
('2023-05-29', 'Monday', 'EU', 'Denmark', 'Whit Monday'),
('2023-06-05', 'Monday', 'EU', 'Denmark', 'Constitution Day'),
('2023-12-25', 'Monday', 'EU', 'Denmark', 'Christmas Day'),
('2023-12-26', 'Tuesday', 'EU', 'Denmark', '2nd Christmas Day'),
('2023-01-01', 'Sunday', 'EU', 'France', 'New Year''s Day'),
('2023-04-10', 'Monday', 'EU', 'France', 'Easter Monday'),
('2023-05-01', 'Monday', 'EU', 'France', 'Labor Day / May Day'),
('2023-05-08', 'Monday', 'EU', 'France', 'WWII Victory Day'),
('2023-05-18', 'Thursday', 'EU', 'France', 'Ascension Day'),
('2023-05-29', 'Monday', 'EU', 'France', 'Whit Monday'),
('2023-07-14', 'Friday', 'EU', 'France', 'Bastille Day'),
('2023-08-15', 'Tuesday', 'EU', 'France', 'Assumption of Mary'),
('2023-11-01', 'Wednesday', 'EU', 'France', 'All Saints'' Day'),
('2023-11-11', 'Saturday', 'EU', 'France', 'Armistice Day'),
('2023-12-25', 'Monday', 'EU', 'France', 'Christmas Day'),
('2023-01-01', 'Sunday', 'EU', 'Germany', 'New Year''s Day'),
('2023-04-07', 'Friday', 'EU', 'Germany', 'Good Friday'),
('2023-04-10', 'Monday', 'EU', 'Germany', 'Easter Monday'),
('2023-05-01', 'Monday', 'EU', 'Germany', 'May Day'),
('2023-05-18', 'Thursday', 'EU', 'Germany', 'Ascension Day'),
('2023-05-29', 'Monday', 'EU', 'Germany', 'Whit Monday'),
('2023-10-03', 'Tuesday', 'EU', 'Germany', 'Day of German Unity'),
('2023-12-25', 'Monday', 'EU', 'Germany', 'Christmas Day'),
('2023-12-26', 'Tuesday', 'EU', 'Germany', 'Boxing Day'),
('2023-01-01', 'Sunday', 'EU', 'Italy', 'New Year''s Day'),
('2023-01-06', 'Friday', 'EU', 'Italy', 'Epiphany'),
('2023-04-10', 'Monday', 'EU', 'Italy', 'Easter Monday'),
('2023-04-25', 'Tuesday', 'EU', 'Italy', 'Liberation Day'),
('2023-05-01', 'Monday', 'EU', 'Italy', 'Labor Day / May Day'),
('2023-06-02', 'Friday', 'EU', 'Italy', 'Republic Day'),
('2023-08-15', 'Tuesday', 'EU', 'Italy', 'Assumption of Mary'),
('2023-11-01', 'Wednesday', 'EU', 'Italy', 'All Saints'' Day'),
('2023-12-08', 'Friday', 'EU', 'Italy', 'Feast of the Immaculate Conception'),
('2023-12-25', 'Monday', 'EU', 'Italy', 'Christmas Day'),
('2023-12-26', 'Tuesday', 'EU', 'Italy', 'St. Stephen''s Day'),
('2023-01-01', 'Sunday', 'EU', 'Netherlands', 'New Year''s Day'),
('2023-04-07', 'Friday', 'EU', 'Netherlands', 'Good Friday'),
('2023-04-09', 'Sunday', 'EU', 'Netherlands', 'Easter Sunday'),
('2023-04-10', 'Monday', 'EU', 'Netherlands', 'Easter Monday'),
('2023-04-27', 'Thursday', 'EU', 'Netherlands', 'King''s Birthday'),
('2023-05-05', 'Friday', 'EU', 'Netherlands', 'Liberation Day'),
('2023-05-18', 'Thursday', 'EU', 'Netherlands', 'Ascension Day'),
('2023-05-28', 'Sunday', 'EU', 'Netherlands', 'Whit Sunday'),
('2023-05-29', 'Monday', 'EU', 'Netherlands', 'Whit Monday'),
('2023-12-25', 'Monday', 'EU', 'Netherlands', 'Christmas Day'),
('2023-12-26', 'Tuesday', 'EU', 'Netherlands', 'Second Day of Christmas'),
('2023-01-01', 'Sunday', 'EU', 'Spain', 'New Year''s Day'),
('2023-01-06', 'Friday', 'EU', 'Spain', 'Epiphany'),
('2023-04-07', 'Friday', 'EU', 'Spain', 'Good Friday'),
('2023-05-01', 'Monday', 'EU', 'Spain', 'Labor Day / May Day'),
('2023-08-15', 'Tuesday', 'EU', 'Spain', 'Assumption of Mary'),
('2023-10-12', 'Thursday', 'EU', 'Spain', 'Hispanic Day'),
('2023-12-08', 'Friday', 'EU', 'Spain', 'Immaculate Conception'),
('2023-12-25', 'Monday', 'EU', 'Spain', 'Christmas Day'),
('2023-01-01', 'Sunday', 'EU', 'Sweden', 'New Year''s Day'),
('2023-01-06', 'Friday', 'EU', 'Sweden', 'Epiphany'),
('2023-04-07', 'Friday', 'EU', 'Sweden', 'Good Friday'),
('2023-04-09', 'Sunday', 'EU', 'Sweden', 'Easter Sunday'),
('2023-04-10', 'Monday', 'EU', 'Sweden', 'Easter Monday'),
('2023-05-01', 'Monday', 'EU', 'Sweden', 'May 1st'),
('2023-05-18', 'Thursday', 'EU', 'Sweden', 'Ascension Day'),
('2023-05-28', 'Sunday', 'EU', 'Sweden', 'Whit Sunday'),
('2023-06-06', 'Tuesday', 'EU', 'Sweden', 'National day'),
('2023-06-24', 'Saturday', 'EU', 'Sweden', 'Midsummer Day'),
('2023-11-04', 'Saturday', 'EU', 'Sweden', 'All Saints'' Day'),
('2023-12-25', 'Monday', 'EU', 'Sweden', 'Christmas Day'),
('2023-12-26', 'Tuesday', 'EU', 'Sweden', 'Boxing Day'),
('2023-01-01', 'Sunday', 'EU', 'UK', 'New Year''s Day'),
('2023-01-02', 'Monday', 'EU', 'UK', 'New Year''s Day observed'),
('2023-04-07', 'Friday', 'EU', 'UK', 'Good Friday'),
('2023-05-01', 'Monday', 'EU', 'UK', 'Early May Bank Holiday'),
('2023-05-29', 'Monday', 'EU', 'UK', 'Spring Bank Holiday'),
('2023-12-25', 'Monday', 'EU', 'UK', 'Christmas Day'),
('2023-12-26', 'Tuesday', 'EU', 'UK', 'Boxing Day'),
('2023-01-01', 'Sunday', 'NA', 'US', 'New Year''s Day'),
('2023-01-02', 'Monday', 'NA', 'US', 'Day off for New Year''s Day'),
('2023-01-16', 'Monday', 'NA', 'US', 'Martin Luther King Jr. Day'),
('2023-02-20', 'Monday', 'NA', 'US', 'Presidents'' Day'),
('2023-05-29', 'Monday', 'NA', 'US', 'Memorial Day'),
('2023-07-04', 'Tuesday', 'NA', 'US', 'Independence Day'),
('2023-09-04', 'Monday', 'NA', 'US', 'Labor Day'),
('2023-10-09', 'Monday', 'NA', 'US', 'Columbus Day'),
('2023-11-10', 'Friday', 'NA', 'US', 'Veterans Day observed'),
('2023-11-11', 'Saturday', 'NA', 'US', 'Veterans Day'),
('2023-11-23', 'Thursday', 'NA', 'US', 'Thanksgiving Day'),
('2023-11-24', 'Friday', 'NA', 'US', 'Black Friday'),
('2023-11-27', 'Monday', 'NA', 'US', 'Cyber Monday'),
('2023-12-25', 'Monday', 'NA', 'US', 'Christmas Day'),
('2023-01-01', 'Sunday', 'NA', 'Canada', 'New Year''s Day'),
('2023-01-02', 'Monday', 'NA', 'Canada', 'New Year''s Day observed'),
('2023-04-07', 'Friday', 'NA', 'Canada', 'Good Friday'),
('2023-04-10', 'Monday', 'NA', 'Canada', 'Easter Monday'),
('2023-05-22', 'Monday', 'NA', 'Canada', 'Victoria Day'),
('2023-07-01', 'Saturday', 'NA', 'Canada', 'Canada Day'),
('2023-09-04', 'Monday', 'NA', 'Canada', 'Labour Day'),
('2023-10-09', 'Monday', 'NA', 'Canada', 'Thanksgiving Day'),
('2023-11-11', 'Saturday', 'NA', 'Canada', 'Remembrance Day'),
('2023-12-25', 'Monday', 'NA', 'Canada', 'Christmas Day'),
('2023-12-26', 'Tuesday', 'NA', 'Canada', 'Boxing Day'),
('2019-01-01', 'Tuesday', 'EU', 'Austria', 'New Year''s Day'),
('2019-01-06', 'Sunday', 'EU', 'Austria', 'Epiphany'),
('2019-04-22', 'Monday', 'EU', 'Austria', 'Easter Monday'),
('2019-05-01', 'Wednesday', 'EU', 'Austria', 'Labor Day / May Day'),
('2019-05-30', 'Thursday', 'EU', 'Austria', 'Ascension Day'),
('2019-06-10', 'Monday', 'EU', 'Austria', 'Whit Monday'),
('2019-06-20', 'Thursday', 'EU', 'Austria', 'Corpus Christi'),
('2019-08-15', 'Thursday', 'EU', 'Austria', 'Assumption of Mary'),
('2019-10-26', 'Saturday', 'EU', 'Austria', 'National Day'),
('2019-11-01', 'Friday', 'EU', 'Austria', 'All Saints'' Day'),
('2019-12-08', 'Sunday', 'EU', 'Austria', 'Immaculate Conception'),
('2019-12-25', 'Wednesday', 'EU', 'Austria', 'Christmas Day'),
('2019-12-26', 'Thursday', 'EU', 'Austria', 'St. Stephen''s Day'),
('2019-01-01', 'Tuesday', 'EU', 'Belgium', 'New Year''s Day'),
('2019-04-21', 'Sunday', 'EU', 'Belgium', 'Easter Sunday'),
('2019-04-22', 'Monday', 'EU', 'Belgium', 'Easter Monday'),
('2019-05-01', 'Wednesday', 'EU', 'Belgium', 'Labor Day / May Day'),
('2019-05-30', 'Thursday', 'EU', 'Belgium', 'Ascension Day'),
('2019-06-09', 'Sunday', 'EU', 'Belgium', 'Whit Sunday'),
('2019-06-10', 'Monday', 'EU', 'Belgium', 'Whit Monday'),
('2019-07-21', 'Sunday', 'EU', 'Belgium', 'Belgian National Day'),
('2019-08-15', 'Thursday', 'EU', 'Belgium', 'Assumption of Mary'),
('2019-11-01', 'Friday', 'EU', 'Belgium', 'All Saints'' Day'),
('2019-11-11', 'Monday', 'EU', 'Belgium', 'Armistice Day'),
('2019-12-25', 'Wednesday', 'EU', 'Belgium', 'Christmas Day'),
('2019-01-01', 'Tuesday', 'EU', 'Denmark', 'New Year''s Day'),
('2019-04-18', 'Thursday', 'EU', 'Denmark', 'Maundy Thursday'),
('2019-04-19', 'Friday', 'EU', 'Denmark', 'Good Friday'),
('2019-04-21', 'Sunday', 'EU', 'Denmark', 'Easter Sunday'),
('2019-04-22', 'Monday', 'EU', 'Denmark', 'Easter Monday'),
('2019-05-01', 'Wednesday', 'EU', 'Denmark', 'Labor Day / May Day'),
('2019-05-17', 'Friday', 'EU', 'Denmark', 'Great Prayer Day'),
('2019-05-30', 'Thursday', 'EU', 'Denmark', 'Ascension Day'),
('2019-06-05', 'Wednesday', 'EU', 'Denmark', 'Constitution Day'),
('2019-06-09', 'Sunday', 'EU', 'Denmark', 'Whit Sunday'),
('2019-06-10', 'Monday', 'EU', 'Denmark', 'Whit Monday'),
('2019-12-25', 'Wednesday', 'EU', 'Denmark', 'Christmas Day'),
('2019-12-26', 'Thursday', 'EU', 'Denmark', '2nd Christmas Day'),
('2019-01-01', 'Tuesday', 'EU', 'France', 'New Year''s Day'),
('2019-04-22', 'Monday', 'EU', 'France', 'Easter Monday'),
('2019-05-01', 'Wednesday', 'EU', 'France', 'Labor Day / May Day'),
('2019-05-08', 'Wednesday', 'EU', 'France', 'WWII Victory Day'),
('2019-05-30', 'Thursday', 'EU', 'France', 'Ascension Day'),
('2019-06-10', 'Monday', 'EU', 'France', 'Whit Monday'),
('2019-07-14', 'Sunday', 'EU', 'France', 'Bastille Day'),
('2019-08-15', 'Thursday', 'EU', 'France', 'Assumption of Mary'),
('2019-11-01', 'Friday', 'EU', 'France', 'All Saints'' Day'),
('2019-11-11', 'Monday', 'EU', 'France', 'Armistice Day'),
('2019-12-25', 'Wednesday', 'EU', 'France', 'Christmas Day'),
('2019-01-01', 'Tuesday', 'EU', 'Germany', 'New Year''s Day'),
('2019-04-19', 'Friday', 'EU', 'Germany', 'Good Friday'),
('2019-04-22', 'Monday', 'EU', 'Germany', 'Easter Monday'),
('2019-05-01', 'Wednesday', 'EU', 'Germany', 'May Day'),
('2019-05-30', 'Thursday', 'EU', 'Germany', 'Ascension Day'),
('2019-06-10', 'Monday', 'EU', 'Germany', 'Whit Monday'),
('2019-10-03', 'Thursday', 'EU', 'Germany', 'Day of German Unity'),
('2019-12-25', 'Wednesday', 'EU', 'Germany', 'Christmas Day'),
('2019-12-26', 'Thursday', 'EU', 'Germany', 'Boxing Day'),
('2019-01-01', 'Tuesday', 'EU', 'Italy', 'New Year''s Day'),
('2019-01-06', 'Sunday', 'EU', 'Italy', 'Epiphany'),
('2019-04-22', 'Monday', 'EU', 'Italy', 'Easter Monday'),
('2019-04-25', 'Thursday', 'EU', 'Italy', 'Liberation Day'),
('2019-05-01', 'Wednesday', 'EU', 'Italy', 'Labor Day / May Day'),
('2019-06-02', 'Sunday', 'EU', 'Italy', 'Republic Day'),
('2019-08-15', 'Thursday', 'EU', 'Italy', 'Assumption of Mary'),
('2019-11-01', 'Friday', 'EU', 'Italy', 'All Saints'' Day'),
('2019-12-08', 'Sunday', 'EU', 'Italy', 'Feast of the Immaculate Conception'),
('2019-12-25', 'Wednesday', 'EU', 'Italy', 'Christmas Day'),
('2019-12-26', 'Thursday', 'EU', 'Italy', 'St. Stephen''s Day'),
('2019-01-01', 'Tuesday', 'EU', 'Netherlands', 'New Year''s Day'),
('2019-04-19', 'Friday', 'EU', 'Netherlands', 'Good Friday'),
('2019-04-21', 'Sunday', 'EU', 'Netherlands', 'Easter Sunday'),
('2019-04-22', 'Monday', 'EU', 'Netherlands', 'Easter Monday'),
('2019-04-27', 'Saturday', 'EU', 'Netherlands', 'King''s Birthday'),
('2019-05-05', 'Sunday', 'EU', 'Netherlands', 'Liberation Day'),
('2019-05-30', 'Thursday', 'EU', 'Netherlands', 'Ascension Day'),
('2019-06-09', 'Sunday', 'EU', 'Netherlands', 'Whit Sunday'),
('2019-06-10', 'Monday', 'EU', 'Netherlands', 'Whit Monday'),
('2019-12-25', 'Wednesday', 'EU', 'Netherlands', 'Christmas Day'),
('2019-12-26', 'Thursday', 'EU', 'Netherlands', 'Second Day of Christmas'),
('2019-01-01', 'Tuesday', 'EU', 'Spain', 'New Year''s Day'),
('2019-01-06', 'Sunday', 'EU', 'Spain', 'Epiphany'),
('2019-04-19', 'Friday', 'EU', 'Spain', 'Good Friday'),
('2019-05-01', 'Wednesday', 'EU', 'Spain', 'Labor Day / May Day'),
('2019-08-15', 'Thursday', 'EU', 'Spain', 'Assumption of Mary'),
('2019-10-12', 'Saturday', 'EU', 'Spain', 'Hispanic Day'),
('2019-11-01', 'Friday', 'EU', 'Spain', 'All Saint''s Day Holiday'),
('2019-12-06', 'Friday', 'EU', 'Spain', 'Constitution Day Holiday'),
('2019-12-08', 'Sunday', 'EU', 'Spain', 'Immaculate Conception'),
('2019-12-09', 'Monday', 'EU', 'Spain', 'Immaculate Conception observed'),
('2019-12-25', 'Wednesday', 'EU', 'Spain', 'Christmas Day'),
('2019-01-01', 'Tuesday', 'EU', 'Sweden', 'New Year''s Day'),
('2019-01-06', 'Sunday', 'EU', 'Sweden', 'Epiphany'),
('2019-04-19', 'Friday', 'EU', 'Sweden', 'Good Friday'),
('2019-04-21', 'Sunday', 'EU', 'Sweden', 'Easter Sunday'),
('2019-04-22', 'Monday', 'EU', 'Sweden', 'Easter Monday'),
('2019-05-01', 'Wednesday', 'EU', 'Sweden', 'May 1st'),
('2019-05-30', 'Thursday', 'EU', 'Sweden', 'Ascension Day'),
('2019-06-06', 'Thursday', 'EU', 'Sweden', 'National day'),
('2019-06-09', 'Sunday', 'EU', 'Sweden', 'Whit Sunday'),
('2019-06-22', 'Saturday', 'EU', 'Sweden', 'Midsummer Day'),
('2019-11-02', 'Saturday', 'EU', 'Sweden', 'All Saints'' Day'),
('2019-12-25', 'Wednesday', 'EU', 'Sweden', 'Christmas Day'),
('2019-12-26', 'Thursday', 'EU', 'Sweden', 'Boxing Day'),
('2019-01-01', 'Tuesday', 'EU', 'UK', 'New Year''s Day'),
('2019-04-19', 'Friday', 'EU', 'UK', 'Good Friday'),
('2019-05-06', 'Monday', 'EU', 'UK', 'Early May Bank Holiday'),
('2019-05-27', 'Monday', 'EU', 'UK', 'Spring Bank Holiday'),
('2019-12-25', 'Wednesday', 'EU', 'UK', 'Christmas Day'),
('2019-12-26', 'Thursday', 'EU', 'UK', 'Boxing Day'),
('2019-01-01', 'Tuesday', 'NA', 'US', 'New Year''s Day'),
('2019-01-21', 'Monday', 'NA', 'US', 'Martin Luther King Jr. Day'),
('2019-02-18', 'Monday', 'NA', 'US', 'Presidents'' Day'),
('2019-05-27', 'Monday', 'NA', 'US', 'Memorial Day'),
('2019-07-04', 'Thursday', 'NA', 'US', 'Independence Day'),
('2019-09-02', 'Monday', 'NA', 'US', 'Labor Day'),
('2019-10-14', 'Monday', 'NA', 'US', 'Columbus Day'),
('2019-11-11', 'Monday', 'NA', 'US', 'Veterans Day'),
('2019-11-28', 'Thursday', 'NA', 'US', 'Thanksgiving Day'),
('2019-11-29', 'Friday', 'NA', 'US', 'Black Friday'),
('2019-12-02', 'Monday', 'NA', 'US', 'Cyber Monday'),
('2019-12-24', 'Tuesday', 'NA', 'US', 'Christmas Eve'),
('2019-12-25', 'Wednesday', 'NA', 'US', 'Christmas Day'),
('2019-01-01', 'Tuesday', 'NA', 'Canada', 'New Year''s Day'),
('2019-04-19', 'Friday', 'NA', 'Canada', 'Good Friday'),
('2019-04-22', 'Monday', 'NA', 'Canada', 'Easter Monday'),
('2019-05-20', 'Monday', 'NA', 'Canada', 'Victoria Day'),
('2019-07-01', 'Monday', 'NA', 'Canada', 'Canada Day'),
('2019-09-02', 'Monday', 'NA', 'Canada', 'Labour Day'),
('2019-10-14', 'Monday', 'NA', 'Canada', 'Thanksgiving Day'),
('2019-11-11', 'Monday', 'NA', 'Canada', 'Remembrance Day'),
('2019-12-25', 'Wednesday', 'NA', 'Canada', 'Christmas Day'),
('2019-12-26', 'Thursday', 'NA', 'Canada', 'Boxing Day'),
('2020-01-01', 'Wednesday', 'EU', 'Austria', 'New Year''s Day'),
('2020-01-06', 'Monday', 'EU', 'Austria', 'Epiphany'),
('2020-04-13', 'Monday', 'EU', 'Austria', 'Easter Monday'),
('2020-05-01', 'Friday', 'EU', 'Austria', 'Labor Day / May Day'),
('2020-05-21', 'Thursday', 'EU', 'Austria', 'Ascension Day'),
('2020-06-01', 'Monday', 'EU', 'Austria', 'Whit Monday'),
('2020-06-11', 'Thursday', 'EU', 'Austria', 'Corpus Christi'),
('2020-08-15', 'Saturday', 'EU', 'Austria', 'Assumption of Mary'),
('2020-10-26', 'Monday', 'EU', 'Austria', 'National Day'),
('2020-11-01', 'Sunday', 'EU', 'Austria', 'All Saints'' Day'),
('2020-12-08', 'Tuesday', 'EU', 'Austria', 'Immaculate Conception'),
('2020-12-25', 'Friday', 'EU', 'Austria', 'Christmas Day'),
('2020-12-26', 'Saturday', 'EU', 'Austria', 'St. Stephen''s Day'),
('2020-01-01', 'Wednesday', 'EU', 'Belgium', 'New Year''s Day'),
('2020-04-12', 'Sunday', 'EU', 'Belgium', 'Easter Sunday'),
('2020-04-13', 'Monday', 'EU', 'Belgium', 'Easter Monday'),
('2020-05-01', 'Friday', 'EU', 'Belgium', 'Labor Day / May Day'),
('2020-05-21', 'Thursday', 'EU', 'Belgium', 'Ascension Day'),
('2020-05-31', 'Sunday', 'EU', 'Belgium', 'Whit Sunday'),
('2020-06-01', 'Monday', 'EU', 'Belgium', 'Whit Monday'),
('2020-07-21', 'Tuesday', 'EU', 'Belgium', 'Belgian National Day'),
('2020-08-15', 'Saturday', 'EU', 'Belgium', 'Assumption of Mary'),
('2020-11-01', 'Sunday', 'EU', 'Belgium', 'All Saints'' Day'),
('2020-11-11', 'Wednesday', 'EU', 'Belgium', 'Armistice Day'),
('2020-12-25', 'Friday', 'EU', 'Belgium', 'Christmas Day'),
('2020-01-01', 'Wednesday', 'EU', 'Denmark', 'New Year''s Day'),
('2020-04-09', 'Thursday', 'EU', 'Denmark', 'Maundy Thursday'),
('2020-04-10', 'Friday', 'EU', 'Denmark', 'Good Friday'),
('2020-04-12', 'Sunday', 'EU', 'Denmark', 'Easter Sunday'),
('2020-04-13', 'Monday', 'EU', 'Denmark', 'Easter Monday'),
('2020-05-01', 'Friday', 'EU', 'Denmark', 'Labor Day / May Day'),
('2020-05-08', 'Friday', 'EU', 'Denmark', 'Great Prayer Day'),
('2020-05-21', 'Thursday', 'EU', 'Denmark', 'Ascension Day'),
('2020-05-22', 'Friday', 'EU', 'Denmark', 'Bank Holiday'),
('2020-05-31', 'Sunday', 'EU', 'Denmark', 'Whit Sunday'),
('2020-06-01', 'Monday', 'EU', 'Denmark', 'Whit Monday'),
('2020-06-05', 'Friday', 'EU', 'Denmark', 'Constitution Day'),
('2020-06-05', 'Friday', 'EU', 'Denmark', 'Bank Holiday'),
('2020-12-24', 'Thursday', 'EU', 'Denmark', 'Bank Holiday'),
('2020-12-25', 'Friday', 'EU', 'Denmark', 'Christmas Day'),
('2020-12-26', 'Saturday', 'EU', 'Denmark', '2nd Christmas Day'),
('2020-12-31', 'Thursday', 'EU', 'Denmark', 'Bank Holiday'),
('2020-01-01', 'Wednesday', 'EU', 'France', 'New Year''s Day'),
('2020-04-13', 'Monday', 'EU', 'France', 'Easter Monday'),
('2020-05-01', 'Friday', 'EU', 'France', 'Labor Day / May Day'),
('2020-05-08', 'Friday', 'EU', 'France', 'WWII Victory Day'),
('2020-05-21', 'Thursday', 'EU', 'France', 'Ascension Day'),
('2020-06-01', 'Monday', 'EU', 'France', 'Whit Monday'),
('2020-07-14', 'Tuesday', 'EU', 'France', 'Bastille Day'),
('2020-08-15', 'Saturday', 'EU', 'France', 'Assumption of Mary'),
('2020-11-01', 'Sunday', 'EU', 'France', 'All Saints'' Day'),
('2020-11-11', 'Wednesday', 'EU', 'France', 'Armistice Day'),
('2020-12-25', 'Friday', 'EU', 'France', 'Christmas Day'),
('2020-01-01', 'Wednesday', 'EU', 'Germany', 'New Year''s Day'),
('2020-04-10', 'Friday', 'EU', 'Germany', 'Good Friday'),
('2020-04-13', 'Monday', 'EU', 'Germany', 'Easter Monday'),
('2020-05-01', 'Friday', 'EU', 'Germany', 'May Day'),
('2020-05-21', 'Thursday', 'EU', 'Germany', 'Ascension Day'),
('2020-06-01', 'Monday', 'EU', 'Germany', 'Whit Monday'),
('2020-10-03', 'Saturday', 'EU', 'Germany', 'Day of German Unity'),
('2020-12-25', 'Friday', 'EU', 'Germany', 'Christmas Day'),
('2020-12-26', 'Saturday', 'EU', 'Germany', 'Boxing Day'),
('2020-01-01', 'Wednesday', 'EU', 'Italy', 'New Year''s Day'),
('2020-01-06', 'Monday', 'EU', 'Italy', 'Epiphany'),
('2020-04-13', 'Monday', 'EU', 'Italy', 'Easter Monday'),
('2020-04-25', 'Saturday', 'EU', 'Italy', 'Liberation Day'),
('2020-05-01', 'Friday', 'EU', 'Italy', 'Labor Day / May Day'),
('2020-06-02', 'Tuesday', 'EU', 'Italy', 'Republic Day'),
('2020-08-15', 'Saturday', 'EU', 'Italy', 'Assumption of Mary'),
('2020-11-01', 'Sunday', 'EU', 'Italy', 'All Saints'' Day'),
('2020-12-08', 'Tuesday', 'EU', 'Italy', 'Feast of the Immaculate Conception'),
('2020-12-25', 'Friday', 'EU', 'Italy', 'Christmas Day'),
('2020-12-26', 'Saturday', 'EU', 'Italy', 'St. Stephen''s Day'),
('2020-01-01', 'Wednesday', 'EU', 'Netherlands', 'New Year''s Day'),
('2020-04-10', 'Friday', 'EU', 'Netherlands', 'Good Friday'),
('2020-04-12', 'Sunday', 'EU', 'Netherlands', 'Easter Sunday'),
('2020-04-13', 'Monday', 'EU', 'Netherlands', 'Easter Monday'),
('2020-04-27', 'Monday', 'EU', 'Netherlands', 'King''s Birthday'),
('2020-05-05', 'Tuesday', 'EU', 'Netherlands', 'Liberation Day'),
('2020-05-21', 'Thursday', 'EU', 'Netherlands', 'Ascension Day'),
('2020-05-31', 'Sunday', 'EU', 'Netherlands', 'Whit Sunday'),
('2020-06-01', 'Monday', 'EU', 'Netherlands', 'Whit Monday'),
('2020-12-25', 'Friday', 'EU', 'Netherlands', 'Christmas Day'),
('2020-12-26', 'Saturday', 'EU', 'Netherlands', 'Second Day of Christmas'),
('2020-01-01', 'Wednesday', 'EU', 'Spain', 'New Year''s Day'),
('2020-01-06', 'Monday', 'EU', 'Spain', 'Epiphany'),
('2020-04-10', 'Friday', 'EU', 'Spain', 'Good Friday'),
('2020-05-01', 'Friday', 'EU', 'Spain', 'Labor Day / May Day'),
('2020-08-15', 'Saturday', 'EU', 'Spain', 'Assumption of Mary'),
('2020-10-12', 'Monday', 'EU', 'Spain', 'Hispanic Day'),
('2020-12-08', 'Tuesday', 'EU', 'Spain', 'Immaculate Conception'),
('2020-12-25', 'Friday', 'EU', 'Spain', 'Christmas Day'),
('2020-01-01', 'Wednesday', 'EU', 'Sweden', 'New Year''s Day'),
('2020-01-06', 'Monday', 'EU', 'Sweden', 'Epiphany'),
('2020-04-10', 'Friday', 'EU', 'Sweden', 'Good Friday'),
('2020-04-12', 'Sunday', 'EU', 'Sweden', 'Easter Sunday'),
('2020-04-13', 'Monday', 'EU', 'Sweden', 'Easter Monday'),
('2020-05-01', 'Friday', 'EU', 'Sweden', 'May 1st'),
('2020-05-21', 'Thursday', 'EU', 'Sweden', 'Ascension Day'),
('2020-05-31', 'Sunday', 'EU', 'Sweden', 'Whit Sunday'),
('2020-06-06', 'Saturday', 'EU', 'Sweden', 'National day'),
('2020-06-20', 'Saturday', 'EU', 'Sweden', 'Midsummer Day'),
('2020-10-31', 'Saturday', 'EU', 'Sweden', 'All Saints'' Day'),
('2020-12-25', 'Friday', 'EU', 'Sweden', 'Christmas Day'),
('2020-12-26', 'Saturday', 'EU', 'Sweden', 'Boxing Day'),
('2020-01-01', 'Wednesday', 'EU', 'UK', 'New Year''s Day'),
('2020-04-10', 'Friday', 'EU', 'UK', 'Good Friday'),
('2020-05-08', 'Friday', 'EU', 'UK', 'Early May Bank Holiday / VE Day'),
('2020-05-25', 'Monday', 'EU', 'UK', 'Spring Bank Holiday'),
('2020-12-25', 'Friday', 'EU', 'UK', 'Christmas Day'),
('2020-12-26', 'Saturday', 'EU', 'UK', 'Boxing Day'),
('2020-12-28', 'Monday', 'EU', 'UK', 'Substitute Bank Holiday for Boxing Day'),
('2020-01-01', 'Wednesday', 'NA', 'US', 'New Year''s Day'),
('2020-01-20', 'Monday', 'NA', 'US', 'Martin Luther King Jr. Day'),
('2020-02-17', 'Monday', 'NA', 'US', 'Presidents'' Day'),
('2020-05-25', 'Monday', 'NA', 'US', 'Memorial Day'),
('2020-07-03', 'Friday', 'NA', 'US', 'Independence Day observed'),
('2020-07-04', 'Saturday', 'NA', 'US', 'Independence Day'),
('2020-09-07', 'Monday', 'NA', 'US', 'Labor Day'),
('2020-10-12', 'Monday', 'NA', 'US', 'Columbus Day'),
('2020-11-11', 'Wednesday', 'NA', 'US', 'Veterans Day'),
('2020-11-26', 'Thursday', 'NA', 'US', 'Thanksgiving Day'),
('2020-11-27', 'Friday', 'NA', 'US', 'Black Friday'),
('2020-11-30', 'Monday', 'NA', 'US', 'Cyber Monday'),
('2020-12-24', 'Thursday', 'NA', 'US', 'Christmas Eve'),
('2020-12-25', 'Friday', 'NA', 'US', 'Christmas Day'),
('2020-01-01', 'Wednesday', 'NA', 'Canada', 'New Year''s Day'),
('2020-04-10', 'Friday', 'NA', 'Canada', 'Good Friday'),
('2020-04-13', 'Monday', 'NA', 'Canada', 'Easter Monday'),
('2020-05-18', 'Monday', 'NA', 'Canada', 'Victoria Day'),
('2020-07-01', 'Wednesday', 'NA', 'Canada', 'Canada Day'),
('2020-09-07', 'Monday', 'NA', 'Canada', 'Labour Day'),
('2020-10-12', 'Monday', 'NA', 'Canada', 'Thanksgiving Day'),
('2020-11-11', 'Wednesday', 'NA', 'Canada', 'Remembrance Day'),
('2020-12-25', 'Friday', 'NA', 'Canada', 'Christmas Day'),
('2020-12-26', 'Saturday', 'NA', 'Canada', 'Boxing Day')
